Workbook

Sheet Planificador
A1: PLANIFICADOR DE MESOCICLO (6 semanas: 3 acumulación / 2 intensificación / 1 descarga)
A3: Bloque | B3: Semana | C3: Día | D3: Tipo de ejercicio | E3: Ejercicio | F3: Series | G3: Reps objetivo | H3: RPE objetivo | I3: %1RM (tabla) | J3: Carga sugerida (kg) | K3: Carga real (kg) | L3: RPE real / Notas
A4: Acumulación | B4: 1 | C4: Día 1 | D4: Principal (fuerza) | F4: 3 | G4: 10 | H4: 7 | I4: =IFERROR(INDEX('Tabla RPE'!$B$4:$J$13,MATCH(G4,'Tabla RPE'!$A$4:$A$13,0),MATCH(H4,'Tabla RPE'!$B$3:$J$3,0)),"") -> 0.7 | J4: =IFERROR(VLOOKUP(E4,Datos!$A$7:$B$11,2,FALSE)*I4,"")
A5: Acumulación | B5: 1 | C5: Día 1 | D5: Accesorio (hipertrofia) | F5: 3 | G5: 10 | H5: 7 | I5: =IFERROR(INDEX('Tabla RPE'!$B$4:$J$13,MATCH(G5,'Tabla RPE'!$A$4:$A$13,0),MATCH(H5,'Tabla RPE'!$B$3:$J$3,0)),"") -> 0.7 | J5: =IFERROR(VLOOKUP(E5,Datos!$A$7:$B$11,2,FALSE)*I5,"")
A6: Acumulación | B6: 1 | C6: Día 1 | D6: Finalizador metabólico
A7: Acumulación | B7: 1 | C7: Día 2 | D7: Principal (fuerza) | F7: 3 | G7: 10 | H7: 7 | I7: =IFERROR(INDEX('Tabla RPE'!$B$4:$J$13,MATCH(G7,'Tabla RPE'!$A$4:$A$13,0),MATCH(H7,'Tabla RPE'!$B$3:$J$3,0)),"") -> 0.7 | J7: =IFERROR(VLOOKUP(E7,Datos!$A$7:$B$11,2,FALSE)*I7,"")
A8: Acumulación | B8: 1 | C8: Día 2 | D8: Accesorio (hipertrofia) | F8: 3 | G8: 10 | H8: 7 | I8: =IFERROR(INDEX('Tabla RPE'!$B$4:$J$13,MATCH(G8,'Tabla RPE'!$A$4:$A$13,0),MATCH(H8,'Tabla RPE'!$B$3:$J$3,0)),"") -> 0.7 | J8: =IFERROR(VLOOKUP(E8,Datos!$A$7:$B$11,2,FALSE)*I8,"")
A9: Acumulación | B9: 1 | C9: Día 2 | D9: Finalizador metabólico
A10: Acumulación | B10: 2 | C10: Día 1 | D10: Principal (fuerza) | F10: 3 | G10: 10 | H10: 7 | I10: =IFERROR(INDEX('Tabla RPE'!$B$4:$J$13,MATCH(G10,'Tabla RPE'!$A$4:$A$13,0),MATCH(H10,'Tabla RPE'!$B$3:$J$3,0)),"") -> 0.7 | J10: =IFERROR(VLOOKUP(E10,Datos!$A$7:$B$11,2,FALSE)*I10,"")
A11: Acumulación | B11: 2 | C11: Día 1 | D11: Accesorio (hipertrofia) | F11: 3 | G11: 10 | H11: 7 | I11: =IFERROR(INDEX('Tabla RPE'!$B$4:$J$13,MATCH(G11,'Tabla RPE'!$A$4:$A$13,0),MATCH(H11,'Tabla RPE'!$B$3:$J$3,0)),"") -> 0.7 | J11: =IFERROR(VLOOKUP(E11,Datos!$A$7:$B$11,2,FALSE)*I11,"")
A12: Acumulación | B12: 2 | C12: Día 1 | D12: Finalizador metabólico
A13: Acumulación | B13: 2 | C13: Día 2 | D13: Principal (fuerza) | F13: 3 | G13: 10 | H13: 7 | I13: =IFERROR(INDEX('Tabla RPE'!$B$4:$J$13,MATCH(G13,'Tabla RPE'!$A$4:$A$13,0),MATCH(H13,'Tabla RPE'!$B$3:$J$3,0)),"") -> 0.7 | J13: =IFERROR(VLOOKUP(E13,Datos!$A$7:$B$11,2,FALSE)*I13,"")
A14: Acumulación | B14: 2 | C14: Día 2 | D14: Accesorio (hipertrofia) | F14: 3 | G14: 10 | H14: 7 | I14: =IFERROR(INDEX('Tabla RPE'!$B$4:$J$13,MATCH(G14,'Tabla RPE'!$A$4:$A$13,0),MATCH(H14,'Tabla RPE'!$B$3:$J$3,0)),"") -> 0.7 | J14: =IFERROR(VLOOKUP(E14,Datos!$A$7:$B$11,2,FALSE)*I14,"")
A15: Acumulación | B15: 2 | C15: Día 2 | D15: Finalizador metabólico
A16: Acumulación | B16: 3 | C16: Día 1 | D16: Principal (fuerza) | F16: 3 | G16: 10 | H16: 7 | I16: =IFERROR(INDEX('Tabla RPE'!$B$4:$J$13,MATCH(G16,'Tabla RPE'!$A$4:$A$13,0),MATCH(H16,'Tabla RPE'!$B$3:$J$3,0)),"") -> 0.7 | J16: =IFERROR(VLOOKUP(E16,Datos!$A$7:$B$11,2,FALSE)*I16,"")
A17: Acumulación | B17: 3 | C17: Día 1 | D17: Accesorio (hipertrofia) | F17: 3 | G17: 10 | H17: 7 | I17: =IFERROR(INDEX('Tabla RPE'!$B$4:$J$13,MATCH(G17,'Tabla RPE'!$A$4:$A$13,0),MATCH(H17,'Tabla RPE'!$B$3:$J$3,0)),"") -> 0.7 | J17: =IFERROR(VLOOKUP(E17,Datos!$A$7:$B$11,2,FALSE)*I17,"")
A18: Acumulación | B18: 3 | C18: Día 1 | D18: Finalizador metabólico
A19: Acumulación | B19: 3 | C19: Día 2 | D19: Principal (fuerza) | F19: 3 | G19: 10 | H19: 7 | I19: =IFERROR(INDEX('Tabla RPE'!$B$4:$J$13,MATCH(G19,'Tabla RPE'!$A$4:$A$13,0),MATCH(H19,'Tabla RPE'!$B$3:$J$3,0)),"") -> 0.7 | J19: =IFERROR(VLOOKUP(E19,Datos!$A$7:$B$11,2,FALSE)*I19,"")
A20: Acumulación | B20: 3 | C20: Día 2 | D20: Accesorio (hipertrofia) | F20: 3 | G20: 10 | H20: 7 | I20: =IFERROR(INDEX('Tabla RPE'!$B$4:$J$13,MATCH(G20,'Tabla RPE'!$A$4:$A$13,0),MATCH(H20,'Tabla RPE'!$B$3:$J$3,0)),"") -> 0.7 | J20: =IFERROR(VLOOKUP(E20,Datos!$A$7:$B$11,2,FALSE)*I20,"")
A21: Acumulación | B21: 3 | C21: Día 2 | D21: Finalizador metabólico
A22: Intensificación | B22: 4 | C22: Día 1 | D22: Principal (fuerza) | F22: 3 | G22: 6 | H22: 8.5 | I22: =IFERROR(INDEX('Tabla RPE'!$B$4:$J$13,MATCH(G22,'Tabla RPE'!$A$4:$A$13,0),MATCH(H22,'Tabla RPE'!$B$3:$J$3,0)),"") -> 0.84 | J22: =IFERROR(VLOOKUP(E22,Datos!$A$7:$B$11,2,FALSE)*I22,"")
A23: Intensificación | B23: 4 | C23: Día 1 | D23: Accesorio (hipertrofia) | F23: 3 | G23: 6 | H23: 8.5 | I23: =IFERROR(INDEX('Tabla RPE'!$B$4:$J$13,MATCH(G23,'Tabla RPE'!$A$4:$A$13,0),MATCH(H23,'Tabla RPE'!$B$3:$J$3,0)),"") -> 0.84 | J23: =IFERROR(VLOOKUP(E23,Datos!$A$7:$B$11,2,FALSE)*I23,"")
A24: Intensificación | B24: 4 | C24: Día 1 | D24: Finalizador metabólico
A25: Intensificación | B25: 4 | C25: Día 2 | D25: Principal (fuerza) | F25: 3 | G25: 6 | H25: 8.5 | I25: =IFERROR(INDEX('Tabla RPE'!$B$4:$J$13,MATCH(G25,'Tabla RPE'!$A$4:$A$13,0),MATCH(H25,'Tabla RPE'!$B$3:$J$3,0)),"") -> 0.84 | J25: =IFERROR(VLOOKUP(E25,Datos!$A$7:$B$11,2,FALSE)*I25,"")
A26: Intensificación | B26: 4 | C26: Día 2 | D26: Accesorio (hipertrofia) | F26: 3 | G26: 6 | H26: 8.5 | I26: =IFERROR(INDEX('Tabla RPE'!$B$4:$J$13,MATCH(G26,'Tabla RPE'!$A$4:$A$13,0),MATCH(H26,'Tabla RPE'!$B$3:$J$3,0)),"") -> 0.84 | J26: =IFERROR(VLOOKUP(E26,Datos!$A$7:$B$11,2,FALSE)*I26,"")
A27: Intensificación | B27: 4 | C27: Día 2 | D27: Finalizador metabólico
A28: Intensificación | B28: 5 | C28: Día 1 | D28: Principal (fuerza) | F28: 3 | G28: 6 | H28: 8.5 | I28: =IFERROR(INDEX('Tabla RPE'!$B$4:$J$13,MATCH(G28,'Tabla RPE'!$A$4:$A$13,0),MATCH(H28,'Tabla RPE'!$B$3:$J$3,0)),"") -> 0.84 | J28: =IFERROR(VLOOKUP(E28,Datos!$A$7:$B$11,2,FALSE)*I28,"")
A29: Intensificación | B29: 5 | C29: Día 1 | D29: Accesorio (hipertrofia) | F29: 3 | G29: 6 | H29: 8.5 | I29: =IFERROR(INDEX('Tabla RPE'!$B$4:$J$13,MATCH(G29,'Tabla RPE'!$A$4:$A$13,0),MATCH(H29,'Tabla RPE'!$B$3:$J$3,0)),"") -> 0.84 | J29: =IFERROR(VLOOKUP(E29,Datos!$A$7:$B$11,2,FALSE)*I29,"")
A30: Intensificación | B30: 5 | C30: Día 1 | D30: Finalizador metabólico
A31: Intensificación | B31: 5 | C31: Día 2 | D31: Principal (fuerza) | F31: 3 | G31: 6 | H31: 8.5 | I31: =IFERROR(INDEX('Tabla RPE'!$B$4:$J$13,MATCH(G31,'Tabla RPE'!$A$4:$A$13,0),MATCH(H31,'Tabla RPE'!$B$3:$J$3,0)),"") -> 0.84 | J31: =IFERROR(VLOOKUP(E31,Datos!$A$7:$B$11,2,FALSE)*I31,"")
A32: Intensificación | B32: 5 | C32: Día 2 | D32: Accesorio (hipertrofia) | F32: 3 | G32: 6 | H32: 8.5 | I32: =IFERROR(INDEX('Tabla RPE'!$B$4:$J$13,MATCH(G32,'Tabla RPE'!$A$4:$A$13,0),MATCH(H32,'Tabla RPE'!$B$3:$J$3,0)),"") -> 0.84 | J32: =IFERROR(VLOOKUP(E32,Datos!$A$7:$B$11,2,FALSE)*I32,"")
A33: Intensificación | B33: 5 | C33: Día 2 | D33: Finalizador metabólico
A34: Descarga | B34: 6 | C34: Día 1 | D34: Principal (fuerza) | F34: 3 | G34: 8 | H34: 6 | I34: =IFERROR(INDEX('Tabla RPE'!$B$4:$J$13,MATCH(G34,'Tabla RPE'!$A$4:$A$13,0),MATCH(H34,'Tabla RPE'!$B$3:$J$3,0)),"") -> 0.7 | J34: =IFERROR(VLOOKUP(E34,Datos!$A$7:$B$11,2,FALSE)*I34,"")
A35: Descarga | B35: 6 | C35: Día 1 | D35: Accesorio (hipertrofia) | F35: 3 | G35: 8 | H35: 6 | I35: =IFERROR(INDEX('Tabla RPE'!$B$4:$J$13,MATCH(G35,'Tabla RPE'!$A$4:$A$13,0),MATCH(H35,'Tabla RPE'!$B$3:$J$3,0)),"") -> 0.7 | J35: =IFERROR(VLOOKUP(E35,Datos!$A$7:$B$11,2,FALSE)*I35,"")
A36: Descarga | B36: 6 | C36: Día 1 | D36: Finalizador metabólico
A37: Descarga | B37: 6 | C37: Día 2 | D37: Principal (fuerza) | F37: 3 | G37: 8 | H37: 6 | I37: =IFERROR(INDEX('Tabla RPE'!$B$4:$J$13,MATCH(G37,'Tabla RPE'!$A$4:$A$13,0),MATCH(H37,'Tabla RPE'!$B$3:$J$3,0)),"") -> 0.7 | J37: =IFERROR(VLOOKUP(E37,Datos!$A$7:$B$11,2,FALSE)*I37,"")
A38: Descarga | B38: 6 | C38: Día 2 | D38: Accesorio (hipertrofia) | F38: 3 | G38: 8 | H38: 6 | I38: =IFERROR(INDEX('Tabla RPE'!$B$4:$J$13,MATCH(G38,'Tabla RPE'!$A$4:$A$13,0),MATCH(H38,'Tabla RPE'!$B$3:$J$3,0)),"") -> 0.7 | J38: =IFERROR(VLOOKUP(E38,Datos!$A$7:$B$11,2,FALSE)*I38,"")
A39: Descarga | B39: 6 | C39: Día 2 | D39: Finalizador metabólico

Sheet Tabla RPE
A1: TABLA RPE -> %1RM (referencia para autorregulación)
A3: Reps \ RPE | B3: 6 | C3: 6.5 | D3: 7 | E3: 7.5 | F3: 8 | G3: 8.5 | H3: 9 | I3: 9.5 | J3: 10
A4: 1 | B4: 0.86 | C4: 0.87 | D4: 0.89 | E4: 0.9 | F4: 0.92 | G4: 0.94 | H4: 0.96 | I4: 0.98 | J4: 1
A5: 2 | B5: 0.84 | C5: 0.85 | D5: 0.87 | E5: 0.88 | F5: 0.9 | G5: 0.92 | H5: 0.94 | I5: 0.96 | J5: 0.98
A6: 3 | B6: 0.81 | C6: 0.83 | D6: 0.84 | E6: 0.86 | F6: 0.88 | G6: 0.9 | H6: 0.92 | I6: 0.94 | J6: 0.96
A7: 4 | B7: 0.79 | C7: 0.81 | D7: 0.82 | E7: 0.84 | F7: 0.86 | G7: 0.88 | H7: 0.9 | I7: 0.92 | J7: 0.94
A8: 5 | B8: 0.77 | C8: 0.78 | D8: 0.8 | E8: 0.82 | F8: 0.84 | G8: 0.86 | H8: 0.88 | I8: 0.9 | J8: 0.92
A9: 6 | B9: 0.74 | C9: 0.76 | D9: 0.78 | E9: 0.8 | F9: 0.82 | G9: 0.84 | H9: 0.86 | I9: 0.88 | J9: 0.9
A10: 7 | B10: 0.72 | C10: 0.74 | D10: 0.76 | E10: 0.78 | F10: 0.8 | G10: 0.82 | H10: 0.84 | I10: 0.86 | J10: 0.88
A11: 8 | B11: 0.7 | C11: 0.72 | D11: 0.74 | E11: 0.76 | F11: 0.78 | G11: 0.8 | H11: 0.82 | I11: 0.84 | J11: 0.86
A12: 9 | B12: 0.68 | C12: 0.7 | D12: 0.72 | E12: 0.74 | F12: 0.76 | G12: 0.78 | H12: 0.8 | I12: 0.82 | J12: 0.84
A13: 10 | B13: 0.66 | C13: 0.68 | D13: 0.7 | E13: 0.72 | F13: 0.74 | G13: 0.76 | H13: 0.78 | I13: 0.8 | J13: 0.82
A16: Tabla de referencia estándar (Tuchscherer / RTS). Usar como guía; ajustar siempre con sensación real de la alumna en la sesión.

Sheet Datos
A1: DATOS DE LA ALUMNA Y 1RM DE REFERENCIA
A3: Nombre
A4: Fecha inicio del mesociclo | C4: Modelo: acumulación -> intensificación -> descarga, autorregulado por RPE
A6: Ejercicio | B6: 1RM estimado (kg) | C6: Notas
A7: Sentadilla
A8: Peso muerto
A9: Press banca
A10: Press militar
A11: Remo
